<annotation>
	<folder>OpticalDefects</folder>
	<filename>blur108.jpg</filename>
	<path>D:\INOVAKO\5-Learning\Tensorflow\2-objectDetectionApi\models\research\object_detection\trainingImages\OpticalDefects\blur108.jpg</path>
	<source>
		<database>Unknown</database>
	</source>
	<size>
		<width>512</width>
		<height>512</height>
		<depth>1</depth>
	</size>
	<segmented>0</segmented>
	<object>
		<name>blur</name>
		<pose>Unspecified</pose>
		<truncated>0</truncated>
		<difficult>0</difficult>
		<bndbox>
			<xmin>130</xmin>
			<ymin>305</ymin>
			<xmax>167</xmax>
			<ymax>343</ymax>
		</bndbox>
	</object>
	<object>
		<name>blur</name>
		<pose>Unspecified</pose>
		<truncated>0</truncated>
		<difficult>0</difficult>
		<bndbox>
			<xmin>129</xmin>
			<ymin>239</ymin>
			<xmax>181</xmax>
			<ymax>283</ymax>
		</bndbox>
	</object>
</annotation>
