<annotation>
	<folder>OpticalDefects</folder>
	<filename>blur128.jpg</filename>
	<path>D:\INOVAKO\5-Learning\Tensorflow\2-objectDetectionApi\models\research\object_detection\trainingImages\OpticalDefects\blur128.jpg</path>
	<source>
		<database>Unknown</database>
	</source>
	<size>
		<width>512</width>
		<height>512</height>
		<depth>1</depth>
	</size>
	<segmented>0</segmented>
	<object>
		<name>blur</name>
		<pose>Unspecified</pose>
		<truncated>0</truncated>
		<difficult>0</difficult>
		<bndbox>
			<xmin>100</xmin>
			<ymin>319</ymin>
			<xmax>137</xmax>
			<ymax>354</ymax>
		</bndbox>
	</object>
	<object>
		<name>blur</name>
		<pose>Unspecified</pose>
		<truncated>0</truncated>
		<difficult>0</difficult>
		<bndbox>
			<xmin>145</xmin>
			<ymin>300</ymin>
			<xmax>206</xmax>
			<ymax>350</ymax>
		</bndbox>
	</object>
</annotation>
