<annotation>
	<folder>OpticalDefects</folder>
	<filename>blur53.jpg</filename>
	<path>D:\INOVAKO\5-Learning\Tensorflow\2-objectDetectionApi\models\research\object_detection\trainingImages\OpticalDefects\blur53.jpg</path>
	<source>
		<database>Unknown</database>
	</source>
	<size>
		<width>512</width>
		<height>512</height>
		<depth>1</depth>
	</size>
	<segmented>0</segmented>
	<object>
		<name>blur</name>
		<pose>Unspecified</pose>
		<truncated>0</truncated>
		<difficult>0</difficult>
		<bndbox>
			<xmin>44</xmin>
			<ymin>215</ymin>
			<xmax>118</xmax>
			<ymax>289</ymax>
		</bndbox>
	</object>
	<object>
		<name>blur</name>
		<pose>Unspecified</pose>
		<truncated>0</truncated>
		<difficult>0</difficult>
		<bndbox>
			<xmin>130</xmin>
			<ymin>229</ymin>
			<xmax>154</xmax>
			<ymax>293</ymax>
		</bndbox>
	</object>
</annotation>
