<annotation>
	<folder>OpticalDefects</folder>
	<filename>blur25.jpg</filename>
	<path>D:\INOVAKO\5-Learning\Tensorflow\2-objectDetectionApi\models\research\object_detection\trainingImages\OpticalDefects\blur25.jpg</path>
	<source>
		<database>Unknown</database>
	</source>
	<size>
		<width>512</width>
		<height>512</height>
		<depth>1</depth>
	</size>
	<segmented>0</segmented>
	<object>
		<name>blur</name>
		<pose>Unspecified</pose>
		<truncated>0</truncated>
		<difficult>0</difficult>
		<bndbox>
			<xmin>68</xmin>
			<ymin>300</ymin>
			<xmax>138</xmax>
			<ymax>357</ymax>
		</bndbox>
	</object>
	<object>
		<name>blur</name>
		<pose>Unspecified</pose>
		<truncated>0</truncated>
		<difficult>0</difficult>
		<bndbox>
			<xmin>130</xmin>
			<ymin>365</ymin>
			<xmax>163</xmax>
			<ymax>392</ymax>
		</bndbox>
	</object>
</annotation>
