<annotation>
	<folder>OpticalDefects</folder>
	<filename>scratch39.jpg</filename>
	<path>D:\INOVAKO\5-Learning\Tensorflow\2-objectDetectionApi\models\research\object_detection\trainingImages\OpticalDefects\scratch39.jpg</path>
	<source>
		<database>Unknown</database>
	</source>
	<size>
		<width>512</width>
		<height>512</height>
		<depth>1</depth>
	</size>
	<segmented>0</segmented>
	<object>
		<name>scratch</name>
		<pose>Unspecified</pose>
		<truncated>0</truncated>
		<difficult>0</difficult>
		<bndbox>
			<xmin>356</xmin>
			<ymin>154</ymin>
			<xmax>488</xmax>
			<ymax>210</ymax>
		</bndbox>
	</object>
</annotation>
