<annotation>
	<folder>OpticalDefects</folder>
	<filename>scratch22.jpg</filename>
	<path>D:\INOVAKO\5-Learning\Tensorflow\2-objectDetectionApi\models\research\object_detection\trainingImages\OpticalDefects\scratch22.jpg</path>
	<source>
		<database>Unknown</database>
	</source>
	<size>
		<width>512</width>
		<height>512</height>
		<depth>1</depth>
	</size>
	<segmented>0</segmented>
	<object>
		<name>scratch</name>
		<pose>Unspecified</pose>
		<truncated>0</truncated>
		<difficult>0</difficult>
		<bndbox>
			<xmin>162</xmin>
			<ymin>382</ymin>
			<xmax>244</xmax>
			<ymax>457</ymax>
		</bndbox>
	</object>
</annotation>
